feature	metadata	value	coef	stderr	N	N.not.0	pval	qval
X447e59d45376560e00533cec47492c40	Total_Number_of_Months_Followed_or_to_Progression	Total_Number_of_Months_Followed_or_to_Progression	0.00116354497072574	0.000328509142551728	30	9	0.00141348995180567	0.0749149674457006
X01c05dc19a133b57b4f2ea45e42c5bcf	Total_Number_of_Months_Followed_or_to_Progression	Total_Number_of_Months_Followed_or_to_Progression	0.0016065686666517	0.00044606382013227	30	4	0.00120900914125671	0.0749149674457006
