feature	metadata	value	coef	stderr	N	N.not.0	pval	qval
EC.1.1.1.132	Time_to_progression_grouped	1<2	0.00150667356138656	0.00032382984912541	90	10	1.26238758289175e-05	0.063399421828261 GDP-mannose 6-dehydrogenase

EC.2.3.2.18	Time_to_progression_grouped	4<6	0.00562663574485698	0.00116461153544447	90	33	6.59605790899328e-06	0.063399421828261 glycyltransferase

EC.3.4.21.62	Time_to_progression_grouped	1<2	0.00181219983469879	0.000398131887374768	90	11	1.80316899397784e-05	0.063399421828261  Subtilisin

